{
  "GetDetails-0" : {
    "transaction" : "GetDetails-0",
    "sampleCount" : 300,
    "errorCount" : 0,
    "errorPct" : 0.0,
    "meanResTime" : 0.32333333333333336,
    "medianResTime" : 0.0,
    "minResTime" : 0.0,
    "maxResTime" : 2.0,
    "pct1ResTime" : 1.0,
    "pct2ResTime" : 1.0,
    "pct3ResTime" : 1.0,
    "throughput" : 3.079323370011496,
    "receivedKBytesPerSec" : 0.547301614591887,
    "sentKBytesPerSec" : 1.0073958290564953
  },
  "GetById-1" : {
    "transaction" : "GetById-1",
    "sampleCount" : 300,
    "errorCount" : 0,
    "errorPct" : 0.0,
    "meanResTime" : 4.676666666666666,
    "medianResTime" : 1.0,
    "minResTime" : 0.0,
    "maxResTime" : 479.0,
    "pct1ResTime" : 12.0,
    "pct2ResTime" : 13.0,
    "pct3ResTime" : 20.99000000000001,
    "throughput" : 3.064132288804682,
    "receivedKBytesPerSec" : 0.4697937200608741,
    "sentKBytesPerSec" : 0.9934491405108931
  },
  "GetById-0" : {
    "transaction" : "GetById-0",
    "sampleCount" : 300,
    "errorCount" : 0,
    "errorPct" : 0.0,
    "meanResTime" : 0.5900000000000002,
    "medianResTime" : 0.0,
    "minResTime" : 0.0,
    "maxResTime" : 32.0,
    "pct1ResTime" : 1.0,
    "pct2ResTime" : 2.0,
    "pct3ResTime" : 3.0,
    "throughput" : 3.0630685821055534,
    "receivedKBytesPerSec" : 0.5354387462860293,
    "sentKBytesPerSec" : 0.9931042668545349
  },
  "GetDetails" : {
    "transaction" : "GetDetails",
    "sampleCount" : 300,
    "errorCount" : 0,
    "errorPct" : 0.0,
    "meanResTime" : 1.5566666666666669,
    "medianResTime" : 1.0,
    "minResTime" : 0.0,
    "maxResTime" : 8.0,
    "pct1ResTime" : 3.0,
    "pct2ResTime" : 3.0,
    "pct3ResTime" : 4.0,
    "throughput" : 3.079291762894534,
    "receivedKBytesPerSec" : 1.1908198614318708,
    "sentKBytesPerSec" : 2.0147709776751346
  },
  "Total" : {
    "transaction" : "Total",
    "sampleCount" : 1800,
    "errorCount" : 0,
    "errorPct" : 0.0,
    "meanResTime" : 2.298333333333332,
    "medianResTime" : 1.0,
    "minResTime" : 0.0,
    "maxResTime" : 514.0,
    "pct1ResTime" : 3.0,
    "pct2ResTime" : 11.0,
    "pct3ResTime" : 18.0,
    "throughput" : 18.377848566527813,
    "receivedKBytesPerSec" : 4.379096728742955,
    "sentKBytesPerSec" : 7.9804850220534185
  },
  "GetById" : {
    "transaction" : "GetById",
    "sampleCount" : 300,
    "errorCount" : 0,
    "errorPct" : 0.0,
    "meanResTime" : 5.466666666666669,
    "medianResTime" : 1.0,
    "minResTime" : 0.0,
    "maxResTime" : 514.0,
    "pct1ResTime" : 14.0,
    "pct2ResTime" : 16.0,
    "pct3ResTime" : 23.0,
    "throughput" : 3.063037307794409,
    "receivedKBytesPerSec" : 1.0050591166200404,
    "sentKBytesPerSec" : 1.9861882542729372
  },
  "GetDetails-1" : {
    "transaction" : "GetDetails-1",
    "sampleCount" : 300,
    "errorCount" : 0,
    "errorPct" : 0.0,
    "meanResTime" : 1.1766666666666674,
    "medianResTime" : 1.0,
    "minResTime" : 0.0,
    "maxResTime" : 7.0,
    "pct1ResTime" : 2.0,
    "pct2ResTime" : 3.0,
    "pct3ResTime" : 4.0,
    "throughput" : 3.0793549777773217,
    "receivedKBytesPerSec" : 0.6435370754339325,
    "sentKBytesPerSec" : 1.007406169487698
  }
}